-- ═══════════════════════════════════════════════════════════
--  نقاء المتحدة - بيانات أولية (Seed Data)
--  تشغيل بعد schema.sql
-- ═══════════════════════════════════════════════════════════

-- ─── المستخدمين ───
INSERT INTO users (id, name, phone, password, role, city, permissions, active) VALUES
  ('00000001-0000-0000-0000-000000000001', 'عبدالله الراشد',  '0501234567', 'owner',  'owner',            'all',     ARRAY['view_dashboard','manage_appointments','assign_technicians','manage_inventory','manage_custody','view_reports','manage_finance','manage_users','manage_clients','manage_contracts','view_audit_log','manage_all_cities','send_whatsapp','manage_tasks'], true),
  ('00000001-0000-0000-0000-000000000002', 'محمد السعيد',     '0509876543', 'gm',     'general_manager',  'all',     ARRAY['view_dashboard','manage_appointments','assign_technicians','manage_inventory','manage_custody','view_reports','manage_users','manage_clients','manage_contracts','view_audit_log','manage_all_cities','send_whatsapp','manage_tasks'], true),
  ('00000001-0000-0000-0000-000000000003', 'أحمد العمري',     '0551112222', 'bm',     'branch_manager',   'الرياض', ARRAY['view_dashboard','manage_appointments','assign_technicians','manage_inventory','manage_custody','view_reports','manage_clients','send_whatsapp','manage_tasks'], true),
  ('00000001-0000-0000-0000-000000000004', 'سارة المطيري',    '0553334444', 'cs',     'customer_service', 'الرياض', ARRAY['manage_appointments','manage_clients','send_whatsapp','manage_tasks'], true),
  ('00000001-0000-0000-0000-000000000005', 'خالد الزهراني',   '0555556666', 'tech1',  'technician',       'الرياض', ARRAY['manage_appointments','manage_custody','manage_tasks'], true),
  ('00000001-0000-0000-0000-000000000006', 'فهد الغامدي',     '0557778888', 'tech2',  'technician',       'الرياض', ARRAY['manage_appointments','manage_custody','manage_tasks'], true),
  ('00000001-0000-0000-0000-000000000007', 'يوسف الشهري',    '0561112222', 'bm2',    'branch_manager',   'جدة',    ARRAY['view_dashboard','manage_appointments','assign_technicians','manage_inventory','manage_custody','view_reports','manage_clients','send_whatsapp','manage_tasks'], true),
  ('00000001-0000-0000-0000-000000000008', 'عمر البقمي',      '0563334444', 'tech3',  'technician',       'جدة',    ARRAY['manage_appointments','manage_custody','manage_tasks'], true)
ON CONFLICT (id) DO NOTHING;

-- ─── المنتجات ───
INSERT INTO products (id, sku, name, category, price, old_price, image, description, features, min_stock) VALUES
  ('00000002-0000-0000-0000-000000000001', 'PU-F7-001', 'فلتر نقاء ٧ مراحل',          'فلاتر تحلية', 594,  800,  'https://cdn.salla.sa/OQRbq/aJmYgFqeXGk9S0p1DxJNNYYFhpZbHmvXgPMb4CU2.png', 'فلتر تحلية 7 مراحل بتقنية التناضح العكسي RO. إنتاج 300 لتر يومياً.', '7 مراحل تنقية | RO | مضخة 130 PSI | خزان 7 لتر', 10),
  ('00000002-0000-0000-0000-000000000002', 'PU-F9-001', 'فلتر نقاء ٩ مراحل',          'فلاتر تحلية', 3500, NULL, 'https://cdn.salla.sa/OQRbq/aJmYgFqeXGk9S0p1DxJNNYYFhpZbHmvXgPMb4CU2.png', 'فلتر متقدم 9 مراحل مع مراحل إضافية للمعادن والقلوية.',               '9 مراحل | RO | فلتر معادن | فلتر قلوي',            5),
  ('00000002-0000-0000-0000-000000000003', 'PU-WC-001', 'برادة نقاء الفاخرة',         'برادات مياه', 550,  600,  'https://cdn.salla.sa/OQRbq/8rz7cKpv0s7TQK2lgQxaZB9KXRI5CcYSzXOjJy7b.png', 'برادة مياه فاخرة بخزان داخلي وتعبئة ذاتية. 3 صنابير.',              '3 صنابير | زر أمان | خزان داخلي | 3 ألوان',        8),
  ('00000002-0000-0000-0000-000000000004', 'PU-PK-001', 'بكج التوفير (فلتر + برادة)', 'بكجات',       2500, NULL, 'https://cdn.salla.sa/OQRbq/Ow9ycKpmU5AK3LVcXGfr72YcH9lVKlk1pvFAoEtj.png', 'فلتر نقاء 7 مراحل + برادة فاخرة بـ 3 ألوان.',                       'فلتر 7 مراحل | برادة فاخرة | توصيل مجاني',         5),
  ('00000002-0000-0000-0000-000000000005', 'PU-JB-001', 'فلتر جامبو لتنقية الخزان',   'فلاتر تحلية', 1900, NULL, 'https://cdn.salla.sa/OQRbq/xTR5mJkTkfnJvQwGUyZI0u6vYkYTz8HgqWcEBCH0.png', 'فلتر جامبو 3 مراحل لتنقية مياه الخزانات.',                           '3 مراحل | يزيل الشوائب والصدأ والكلور',             5),
  ('00000002-0000-0000-0000-000000000006', 'PU-SP-001', 'فلتر شوائب 5 ميكرون',        'قطع غيار',    25,   NULL, '', 'فلتر البولي بروبيلين لإزالة الأتربة والرمال. مسامات 5 ميكرون.', 'مسامات 5 ميكرون | مرحلة أولى', 50),
  ('00000002-0000-0000-0000-000000000007', 'PU-SP-002', 'فلتر كربون نشط',             'قطع غيار',    35,   NULL, '', 'يعالج الطعم والرائحة ويزيل الكلور من المياه.', 'يزيل الكلور | تحسين الطعم', 50),
  ('00000002-0000-0000-0000-000000000008', 'PU-SP-003', 'فلتر كربون صلب',             'قطع غيار',    35,   NULL, '', 'تنقية إضافية من الكلور وتحسين طعم ورائحة المياه.', 'كربون صلب | مرحلة ثالثة', 50),
  ('00000002-0000-0000-0000-000000000009', 'PU-SP-004', 'ممبرين RO (غشاء التناضح)',   'قطع غيار',    150,  NULL, '', 'غشاء التناضح العكسي لإزالة الأملاح والفيروسات.', 'غشاء RO | إزالة الأملاح | مرحلة رابعة', 20),
  ('00000002-0000-0000-0000-000000000010', 'PU-SP-005', 'فلتر Post Carbon',            'قطع غيار',    40,   NULL, '', 'إزالة الكلور الزائد وتحسين نقاء المياه النهائية.', 'Post Carbon | مرحلة خامسة', 50),
  ('00000002-0000-0000-0000-000000000011', 'PU-AC-001', 'خزان فايبر جلاس 7 لتر',     'ملحقات',      120,  NULL, '', 'خزان تخزين المياه المحلاة. سعة 7 لتر. مصنوع من الفايبر جلاس.', 'فايبر جلاس | 7 لتر | مضاد للصدأ', 10),
  ('00000002-0000-0000-0000-000000000012', 'PU-AC-002', 'حنفية كرومية 1/4 انش',      'ملحقات',      45,   NULL, '', 'حنفية كرومية أنيقة لتوزيع المياه المحلاة.', 'كروم | 1/4 انش', 15),
  ('00000002-0000-0000-0000-000000000013', 'PU-AC-003', 'مضخة 130 PSI',               'ملحقات',      180,  NULL, '', 'مضخة قوية بقدرة 130 PSI لتسريع عملية التحلية.', '130 PSI | مناسبة لجميع فلاتر RO', 10),
  ('00000002-0000-0000-0000-000000000014', 'PU-SP-006', 'فلتر محسن القلوية',          'قطع غيار',    55,   NULL, '', 'يعزز نقاء المياه ويضيف المعادن ويوازن القلوية PH.', 'يوازن PH | يضيف معادن', 30),
  ('00000002-0000-0000-0000-000000000015', 'PU-SP-007', 'فلتر متعدد المعادن',         'قطع غيار',    55,   NULL, '', 'يضفي مذاقاً عذباً مع تحسين القيمة الهيدروجينية.', 'معادن متعددة | مذاق عذب', 30)
ON CONFLICT (id) DO NOTHING;

-- ─── العملاء ───
INSERT INTO clients (id, name, phone, city, district, address, devices, notes, created_at) VALUES
  ('00000003-0000-0000-0000-000000000001', 'فيصل العتيبي',       '0541112233', 'الرياض', 'حي النرجس',   'شارع الأمير محمد، فيلا 12',    ARRAY['فلتر نقاء 7 مراحل'],                   'عميل مميز',  '2025-01-15'),
  ('00000003-0000-0000-0000-000000000002', 'سلطان الدوسري',      '0542223344', 'الرياض', 'حي الملقا',   'شارع التخصصي، شقة 5',          ARRAY['فلتر نقاء 7 مراحل','برادة مياه'],      '',           '2025-02-01'),
  ('00000003-0000-0000-0000-000000000003', 'نورة الشمري',         '0543334455', 'الرياض', 'حي الياسمين', 'فيلا 8، طريق الملك فهد',        ARRAY[]::TEXT[],                              'عميلة جديدة','2025-02-20'),
  ('00000003-0000-0000-0000-000000000004', 'عبدالرحمن القحطاني', '0561234567', 'جدة',    'حي الروضة',   'شارع فلسطين، عمارة 3',          ARRAY['فلتر نقاء 9 مراحل'],                   '',           '2025-01-20'),
  ('00000003-0000-0000-0000-000000000005', 'ماجد الحربي',         '0562345678', 'جدة',    'حي الصفا',    'شارع الأمير ماجد',               ARRAY['بكج توفير'],                           'عقد سنوي',  '2024-12-10'),
  ('00000003-0000-0000-0000-000000000006', 'سعد الشهراني',        '0544445566', 'مكة',    'حي العزيزية', 'شارع أم القرى',                  ARRAY['فلتر نقاء 7 مراحل'],                   '',           '2025-01-25')
ON CONFLICT (id) DO NOTHING;

-- ─── المواعيد ───
INSERT INTO appointments (id, client_id, tech_id, created_by, city, service_type, priority, status, date, time, notes, amount, pay_method, created_at) VALUES
  ('00000004-0000-0000-0000-000000000001', '00000003-0000-0000-0000-000000000001', NULL,                                       '00000001-0000-0000-0000-000000000004', 'الرياض', 'صيانة دورية', 'normal', 'new',        CURRENT_DATE, '09:00', 'صيانة دورية',    150,  '',       NOW()),
  ('00000004-0000-0000-0000-000000000002', '00000003-0000-0000-0000-000000000002', '00000001-0000-0000-0000-000000000005',  '00000001-0000-0000-0000-000000000004', 'الرياض', 'تركيب جديد',  'urgent', 'confirmed',  CURRENT_DATE, '11:00', 'تركيب سريع',     594,  'تحويل',  NOW()),
  ('00000004-0000-0000-0000-000000000003', '00000003-0000-0000-0000-000000000003', '00000001-0000-0000-0000-000000000006',  '00000001-0000-0000-0000-000000000003', 'الرياض', 'تركيب جديد',  'vip',    'installing', CURRENT_DATE, '14:00', '',               2500, 'شبكة',   NOW()),
  ('00000004-0000-0000-0000-000000000004', '00000003-0000-0000-0000-000000000004', '00000001-0000-0000-0000-000000000008',  '00000001-0000-0000-0000-000000000007', 'جدة',    'إصلاح عطل',   'urgent', 'delivering', CURRENT_DATE, '10:00', 'تسريب ممبرين',   200,  '',       NOW()),
  ('00000004-0000-0000-0000-000000000005', '00000003-0000-0000-0000-000000000005', '00000001-0000-0000-0000-000000000008',  '00000001-0000-0000-0000-000000000007', 'جدة',    'صيانة دورية', 'normal', 'completed',  CURRENT_DATE - 1, '09:00', 'تم بنجاح',  95,   'نقدي',   NOW() - INTERVAL '1 day'),
  ('00000004-0000-0000-0000-000000000006', '00000003-0000-0000-0000-000000000001', '00000001-0000-0000-0000-000000000005',  '00000001-0000-0000-0000-000000000004', 'الرياض', 'صيانة دورية', 'normal', 'completed',  CURRENT_DATE - 5, '10:00', '',           150,  'نقدي',   NOW() - INTERVAL '5 days'),
  ('00000004-0000-0000-0000-000000000007', '00000003-0000-0000-0000-000000000006', NULL,                                       '00000001-0000-0000-0000-000000000002', 'مكة',    'تركيب جديد',  'normal', 'new',        CURRENT_DATE, '15:00', '',               800,  '',       NOW())
ON CONFLICT (id) DO NOTHING;

-- ─── رسائل المواعيد ───
INSERT INTO appointment_messages (id, appt_id, user_id, text, created_at) VALUES
  ('00000005-0000-0000-0000-000000000001', '00000004-0000-0000-0000-000000000002', '00000001-0000-0000-0000-000000000004', 'العميل أكد الموعد',      NOW()),
  ('00000005-0000-0000-0000-000000000002', '00000004-0000-0000-0000-000000000002', '00000001-0000-0000-0000-000000000003', '@خالد توجه للموعد',     NOW())
ON CONFLICT (id) DO NOTHING;

-- ─── المخزون (مدن مختارة) ───
INSERT INTO inventory (product_id, city, qty, min_qty) VALUES
  ('00000002-0000-0000-0000-000000000001', 'الرياض', 25, 10),
  ('00000002-0000-0000-0000-000000000002', 'الرياض', 8,  5),
  ('00000002-0000-0000-0000-000000000003', 'الرياض', 15, 8),
  ('00000002-0000-0000-0000-000000000004', 'الرياض', 7,  5),
  ('00000002-0000-0000-0000-000000000005', 'الرياض', 6,  5),
  ('00000002-0000-0000-0000-000000000006', 'الرياض', 80, 50),
  ('00000002-0000-0000-0000-000000000007', 'الرياض', 75, 50),
  ('00000002-0000-0000-0000-000000000008', 'الرياض', 60, 50),
  ('00000002-0000-0000-0000-000000000009', 'الرياض', 30, 20),
  ('00000002-0000-0000-0000-000000000010', 'الرياض', 55, 50),
  ('00000002-0000-0000-0000-000000000001', 'جدة',    18, 10),
  ('00000002-0000-0000-0000-000000000002', 'جدة',    5,  5),
  ('00000002-0000-0000-0000-000000000003', 'جدة',    10, 8),
  ('00000002-0000-0000-0000-000000000006', 'جدة',    60, 50),
  ('00000002-0000-0000-0000-000000000009', 'جدة',    22, 20),
  ('00000002-0000-0000-0000-000000000001', 'مكة',    12, 10),
  ('00000002-0000-0000-0000-000000000006', 'مكة',    40, 50)
ON CONFLICT (product_id, city) DO NOTHING;

-- ─── العهد ───
INSERT INTO custody (id, tech_id, product_id, qty, city, given_by, given_at) VALUES
  ('00000006-0000-0000-0000-000000000001', '00000001-0000-0000-0000-000000000005', '00000002-0000-0000-0000-000000000006', 10, 'الرياض', '00000001-0000-0000-0000-000000000003', NOW()),
  ('00000006-0000-0000-0000-000000000002', '00000001-0000-0000-0000-000000000005', '00000002-0000-0000-0000-000000000007', 10, 'الرياض', '00000001-0000-0000-0000-000000000003', NOW()),
  ('00000006-0000-0000-0000-000000000003', '00000001-0000-0000-0000-000000000005', '00000002-0000-0000-0000-000000000009', 3,  'الرياض', '00000001-0000-0000-0000-000000000003', NOW()),
  ('00000006-0000-0000-0000-000000000004', '00000001-0000-0000-0000-000000000006', '00000002-0000-0000-0000-000000000006', 8,  'الرياض', '00000001-0000-0000-0000-000000000003', NOW()),
  ('00000006-0000-0000-0000-000000000005', '00000001-0000-0000-0000-000000000008', '00000002-0000-0000-0000-000000000006', 12, 'جدة',    '00000001-0000-0000-0000-000000000007', NOW()),
  ('00000006-0000-0000-0000-000000000006', '00000001-0000-0000-0000-000000000008', '00000002-0000-0000-0000-000000000009', 5,  'جدة',    '00000001-0000-0000-0000-000000000007', NOW())
ON CONFLICT (id) DO NOTHING;

-- ─── طلبات العهد ───
INSERT INTO custody_requests (id, from_id, to_id, product_id, qty, status, note, created_at) VALUES
  ('00000007-0000-0000-0000-000000000001', '00000001-0000-0000-0000-000000000005', '00000001-0000-0000-0000-000000000003', '00000002-0000-0000-0000-000000000009', 5, 'pending', 'نحتاج ممبرين RO عاجل', NOW())
ON CONFLICT (id) DO NOTHING;

-- ─── العقود ───
INSERT INTO contracts (id, client_id, type, start_date, end_date, amount, total_visits, done_visits, status, notes) VALUES
  ('00000008-0000-0000-0000-000000000001', '00000003-0000-0000-0000-000000000005', 'سنوي', '2024-12-10', '2025-12-10', 500, 2, 1, 'active', 'صيانة سنوية'),
  ('00000008-0000-0000-0000-000000000002', '00000003-0000-0000-0000-000000000001', 'سنوي', '2025-01-15', '2026-01-15', 600, 2, 0, 'active', 'عقد شامل')
ON CONFLICT (id) DO NOTHING;

-- ─── المهام ───
INSERT INTO tasks (id, title, description, assigned_to, assigned_by, priority, status, due_date, created_at) VALUES
  ('00000009-0000-0000-0000-000000000001', 'متابعة عميل فيصل العتيبي', 'التواصل مع العميل بخصوص تجديد العقد السنوي', '00000001-0000-0000-0000-000000000004', '00000001-0000-0000-0000-000000000003', 'urgent', 'in_progress', CURRENT_DATE, NOW()),
  ('00000009-0000-0000-0000-000000000002', 'جرد مخزون فرع الرياض',     'جرد شامل لجميع القطع والمنتجات',             '00000001-0000-0000-0000-000000000005', '00000001-0000-0000-0000-000000000003', 'normal', 'new',         CURRENT_DATE, NOW()),
  ('00000009-0000-0000-0000-000000000003', 'تدريب الفني الجديد',        'تدريب على تركيب فلتر 9 مراحل والبرادة',      '00000001-0000-0000-0000-000000000006', '00000001-0000-0000-0000-000000000002', 'normal', 'completed',   CURRENT_DATE - 2, NOW() - INTERVAL '5 days')
ON CONFLICT (id) DO NOTHING;

-- ─── تعليقات المهام ───
INSERT INTO task_comments (id, task_id, user_id, text, created_at) VALUES
  ('00000010-0000-0000-0000-000000000001', '00000009-0000-0000-0000-000000000001', '00000001-0000-0000-0000-000000000003', 'يرجى المتابعة قبل نهاية الأسبوع', NOW()),
  ('00000010-0000-0000-0000-000000000002', '00000009-0000-0000-0000-000000000003', '00000001-0000-0000-0000-000000000006', 'تم التدريب بنجاح',                  NOW() - INTERVAL '2 days')
ON CONFLICT (id) DO NOTHING;

-- ─── سجل التعديلات ───
INSERT INTO audit_log (id, user_id, action, target, details, created_at) VALUES
  ('00000011-0000-0000-0000-000000000001', '00000001-0000-0000-0000-000000000004', 'إنشاء موعد',  'a1', 'تم إنشاء موعد صيانة للعميل فيصل العتيبي',       NOW()),
  ('00000011-0000-0000-0000-000000000002', '00000001-0000-0000-0000-000000000003', 'إسناد فني',   'a2', 'تم إسناد الموعد للفني خالد الزهراني',             NOW())
ON CONFLICT (id) DO NOTHING;
